query,iteration_1,iteration_2,iteration_3,average_time_sec
Q1_Monthly_Revenue,0.20596718788146973,0.09255290031433105,0.09234285354614258,0.13028764724731445
Q2_Avg_Trip_Distance_Per_Vendor,0.1478590965270996,0.09803485870361328,0.09125256538391113,0.11238217353820801
Q3_Rolling_Avg_Fare,2.0564701557159424,1.9393892288208008,2.296231508255005,2.0973636309305825
Q4_High_Value_Trip_Count,0.0797576904296875,0.07710051536560059,0.07297873497009277,0.07661231358846028
