query,iteration_1,iteration_2,iteration_3,average_time_sec
Q1_Monthly_Revenue_Optimized,0.09640049934387207,0.07799148559570312,0.06555676460266113,0.07998291651407878
Q2_Avg_Trip_Distance_Per_Vendor_Optimized,0.11009383201599121,0.08833074569702148,0.11655807495117188,0.1049942175547282
Q3_Rolling_Avg_Fare_Optimized,2.0166032314300537,1.9420607089996338,1.8570430278778076,1.9385689894358318
Q4_High_Value_Trip_Count_Optimized,0.07430052757263184,0.0796060562133789,0.08315181732177734,0.07901946703592937
