query_key,average_time_sec_baseline,average_time_sec_optimized,improvement_percent
Q1_Monthly_Revenue,0.0993035634358723,0.0503566265106201,49.290211984045136
Q2_Avg_Trip_Distance_Per_Vendor,0.0983077685038248,0.1234564781188964,-25.581609671155487
Q3_Rolling_Avg_Fare,2.006278276443481,2.179217338562012,-8.619894066993504
Q4_High_Value_Trip_Count,0.0651110013326009,0.0917654832204182,-40.93698659564535
